{
	"Lightning": {
		"fog_color": "0.50, 0.58, 0.58",
		"fog_intensity": "0.01",
		"fog_ramp": "1.4",
		"height_intensity": "3.0",
		"height_ramp": "1.8"
	},
	"GameObjects": [
		{
			"name": "Camera",
			"position": "-5.0, 0.0, 0.0",
			"rotation": "0.0, 0.0, 0.0",
			"scale": "0.0, 0.0, 0.0",
			"components": [
				{
					"name": "CollisionBox",
					"size": "16.0, 16.0, 16.0",
					"min": "-1.0"
				}
			]
		},
		{
			"name": "Static Pos 1",
			"position": "-1.49056, 3.88956, -8.68984",
			"rotation": "-24.1, 80.3001, 0",
			"scale": "0.0, 0.0, 0.0",
			"components": []
		},
		{
			"name": "Static Pos 2",
			"position": "2.081, 1.12638, -2.54252",
			"rotation": "-19.1, -230.6, 0",
			"scale": "0.0, 0.0, 0.0",
			"components": []
		},
		{
			"name": "Direction Light",
			"position": "-10.0, 5.0, 10.0",
			"rotation": "190.0, 33.0, 00.0",
			"scale": "40, 40, 40",
			"components": [
				{
					"name": "MeshRenderer",
					"mesh": "light_sphere",
					"material": "light_material"
				},
				{
					"name": "DayNight",
					"speed": "0.2, 0.0, 0.0",
					"nightFogColor": "0.02, 0.04, 0.06"
				},
				{
					"name": "DirectionLight",
					"diffuse": "0.996, 1.0, 0.996",
					"specular": "0.996, 1.0, 0.996",
					"ambient": "0.02, 0.02, 0.04",
					"shininess": 1.0,
					"intensity": 1.0
				}
			]
		},
		{
			"name": "Point Light 1",
			"position": "3.0, 2.0, 3.0",
			"rotation": "0.0, 0.0, 0.0",
			"scale": "-0.9, -0.9, -0.9",
			"components": [
				{
					"name": "MeshRenderer",
					"mesh": "light_sphere",
					"material": "light_material"
				},
				{
					"name": "PointLight",
					"diffuse": "0.2, 1.0, 0.3",
					"specular": "0.2, 1.0, 0.3",
					"ambient": "0.1, 0.1, 0.1",
					"shininess": 1.0,
					"intensity": 1.0
				}
			]
		},
		{
			"name": "Point Light 2",
			"position": "-3.0, 0.0, -4.2",
			"rotation": "0.0, 0.0, 0.0",
			"scale": "-0.9, -0.9, -0.9",
			"components": [
				{
					"name": "MeshRenderer",
					"mesh": "light_sphere",
					"material": "light_material"
				},
				{
					"name": "PointLight",
					"diffuse": "1.0, 0.3, 0.2",
					"specular": "1.0, 0.3, 0.2",
					"ambient": "0.1, 0.1, 0.1",
					"shininess": 50.0,
					"intensity": 1.0
				}
			]
		},
		{
			"name": "Point Light 3",
			"position": "-3.0, 1.0, 1.0",
			"rotation": "0.0, 0.0, 0.0",
			"scale": "-0.9, -0.9, -0.9",
			"components": [
				{
					"name": "MeshRenderer",
					"mesh": "light_sphere",
					"material": "light_material"
				},
				{
					"name": "PointLight",
					"diffuse": "1.0, 0.9, 0.1",
					"specular": "1.0, 0.9, 0.1",
					"ambient": "0.1, 0.1, 0.1",
					"shininess": 100.0,
					"intensity": 1.0
				}
			]
		},
		{
			"name": "Point Light 4",
			"position": "5.0, 2.0, -3.0",
			"rotation": "0.0, 0.0, 0.0",
			"scale": "-0.9, -0.9, -0.9",
			"components": [
				{
					"name": "MeshRenderer",
					"mesh": "light_sphere",
					"material": "light_material"
				},
				{
					"name": "PointLight",
					"diffuse": "0.1, 0.0, 1.0",
					"specular": "0.1, 0.0, 1.0",
					"ambient": "0.1, 0.1, 0.1",
					"shininess": 150.0,
					"intensity": 1.0
				}
			]
		},
		{
			"name": "Spot Light",
			"position": "0.0, 20.0, 0.0",
			"rotation": "-90.0, 0.0, 0.0",
			"scale": "-0.9, -0.9, -0.9",
			"components": [
				{
					"name": "MeshRenderer",
					"mesh": "light_sphere",
					"material": "light_material"
				},
				{
					"name": "SpotLight",
					"diffuse": "0.7, 1.0, 0.89",
					"specular": "0.7, 1.0, 0.89",
					"ambient": "0.07, 0.1, 0.089",
					"shininess": 90.0,
					"intensity": 20.4
				}
			]
		},
		{
			"name": "Room",
			"position": "0.0, 13.0, 0.0",
			"rotation": "0.0, 0.0, 0.0",
			"scale": "30.0, 30.0, 30.0",
			"components": [
				{
					"name": "MeshRenderer",
					"mesh": "room",
					"material": "room_material"
				}
			]
		},
		{
			"name": "Terrain",
			"position": "0.0, 0.0, 0.0",
			"rotation": "0.0, 0.0, 0.0",
			"scale": "100.0, 100.0, 100.0",
			"components": [
				{
					"name": "MeshRenderer",
					"mesh": "terrain",
					"material": "test_material"
				}
			]
		},
		{
			"name": "Ico Sphere",
			"position": "0.0, 0.0, 0.0",
			"rotation": "0.0, 0.0, 0.0",
			"scale": "1.0, 1.0, 1.0",
			"components": [
				{
					"name": "MeshRenderer",
					"mesh": "ico",
					"material": "ico_material"
				}
			]
		},
		{
			"name": "Car1",
			"position": "3.0, 0.0, 6.0",
			"rotation": "0.0, 0.0, 0.0",
			"scale": "1.0, 1.0, 1.0",
			"components": [
				{
					"name": "MeshRenderer",
					"mesh": "car1",
					"material": "car1"
				}
			]
		},
		{
			"name": "Car2",
			"position": "4.0, 0.0, 8.0",
			"rotation": "0.0, 0.0, 0.0",
			"scale": "1.0, 1.0, 1.0",
			"components": [
				{
					"name": "MeshRenderer",
					"mesh": "car2",
					"material": "car2"
				}
			]
		},
		{
			"name": "Car3",
			"position": "5.0, 0.0, 10.0",
			"rotation": "0.0, 0.0, 0.0",
			"scale": "1.0, 1.0, 1.0",
			"components": [
				{
					"name": "MeshRenderer",
					"mesh": "car3",
					"material": "car3"
				}
			]
		},
		{
			"name": "Car4",
			"position": "6.0, 0.0, 12.0",
			"rotation": "0.0, 0.0, 0.0",
			"scale": "1.0, 1.0, 1.0",
			"components": [
				{
					"name": "MeshRenderer",
					"mesh": "car4",
					"material": "car4"
				}
			]
		},
		{
			"name": "Plane",
			"position": "0.0, 4.0, 12.0",
			"rotation": "90.0, 0.0, 0.0",
			"scale": "1.0, 1.0, 1.0",
			"components": [
				{
					"name": "MeshRenderer",
					"mesh": "plane",
					"material": "plane"
				}
			]
		},
		{
			"name": "Torus",
			"position": "0.0, 8.0, 0.0",
			"rotation": "0.0, 0.0, 0.0",
			"scale": "1.0, 1.0, 1.0",
			"components": [
				{
					"name": "MeshRenderer",
					"mesh": "torus",
					"material": "torus"
				}
			]
		}
	]
}